PrimaryKey,DataType,Value,StatusCode,SourceTimeStamp,ServerTimeStamp
1,0x000b,25.2197581326,0x00000000,2025-11-27T22:08:28.432Z,2025-11-27T22:08:28.432Z
1,0x000b,24.8418962131,0x00000000,2025-11-27T22:08:28.551Z,2025-11-27T22:08:28.551Z
1,0x000b,24.7415227027,0x00000000,2025-11-27T22:08:28.661Z,2025-11-27T22:08:28.661Z
1,0x000b,24.7840401375,0x00000000,2025-11-27T22:08:28.748Z,2025-11-27T22:08:28.748Z
1,0x000b,24.8707936755,0x00000000,2025-11-27T22:08:28.852Z,2025-11-27T22:08:28.852Z
1,0x000b,24.9849442951,0x00000000,2025-11-27T22:08:28.972Z,2025-11-27T22:08:28.972Z
2,0x000b,0.645513069188,0x00000000,2025-11-27T22:08:28.432Z,2025-11-27T22:08:28.432Z
2,0x000b,0.674935804674,0x00000000,2025-11-27T22:08:28.551Z,2025-11-27T22:08:28.553Z
2,0x000b,0.652630741739,0x00000000,2025-11-27T22:08:28.661Z,2025-11-27T22:08:28.661Z
2,0x000b,0.635813144082,0x00000000,2025-11-27T22:08:28.749Z,2025-11-27T22:08:28.749Z
2,0x000b,0.513519469221,0x00000000,2025-11-27T22:08:28.852Z,2025-11-27T22:08:28.852Z
2,0x000b,0.429735235017,0x00000000,2025-11-27T22:08:28.972Z,2025-11-27T22:08:28.972Z
1,0x000b,25.2264965535,0x00000000,2025-11-27T22:08:29.079Z,2025-11-27T22:08:29.079Z
1,0x000b,24.7527732953,0x00000000,2025-11-27T22:08:29.186Z,2025-11-27T22:08:29.186Z
1,0x000b,24.6571554115,0x00000000,2025-11-27T22:08:29.277Z,2025-11-27T22:08:29.277Z
1,0x000b,24.8476148859,0x00000000,2025-11-27T22:08:29.384Z,2025-11-27T22:08:29.384Z
1,0x000b,24.3449520768,0x00000000,2025-11-27T22:08:29.506Z,2025-11-27T22:08:29.506Z
2,0x000b,0.516721083084,0x00000000,2025-11-27T22:08:29.079Z,2025-11-27T22:08:29.079Z
2,0x000b,0.411195833445,0x00000000,2025-11-27T22:08:29.186Z,2025-11-27T22:08:29.186Z
2,0x000b,0.339330037633,0x00000000,2025-11-27T22:08:29.277Z,2025-11-27T22:08:29.277Z
2,0x000b,0.4148030772,0x00000000,2025-11-27T22:08:29.384Z,2025-11-27T22:08:29.384Z
2,0x000b,0.468754426041,0x00000000,2025-11-27T22:08:29.506Z,2025-11-27T22:08:29.506Z
1,0x000b,24.8153324792,0x00000000,2025-11-27T22:08:29.613Z,2025-11-27T22:08:29.613Z
1,0x000b,24.4628270223,0x00000000,2025-11-27T22:08:29.719Z,2025-11-27T22:08:29.719Z
1,0x000b,25.0374373716,0x00000000,2025-11-27T22:08:29.826Z,2025-11-27T22:08:29.826Z
1,0x000b,25.3089057004,0x00000000,2025-11-27T22:08:29.917Z,2025-11-27T22:08:29.917Z
2,0x000b,0.441537165954,0x00000000,2025-11-27T22:08:29.613Z,2025-11-27T22:08:29.613Z
2,0x000b,0.441514696575,0x00000000,2025-11-27T22:08:29.719Z,2025-11-27T22:08:29.719Z
2,0x000b,0.468252465259,0x00000000,2025-11-27T22:08:29.826Z,2025-11-27T22:08:29.826Z
2,0x000b,0.500154796895,0x00000000,2025-11-27T22:08:29.917Z,2025-11-27T22:08:29.917Z
1,0x000b,25.2171528909,0x00000000,2025-11-27T22:08:30.024Z,2025-11-27T22:08:30.024Z
1,0x000b,25.5586318124,0x00000000,2025-11-27T22:08:30.115Z,2025-11-27T22:08:30.115Z
1,0x000b,25.348859151,0x00000000,2025-11-27T22:08:30.225Z,2025-11-27T22:08:30.225Z
1,0x000b,25.6086855049,0x00000000,2025-11-27T22:08:30.332Z,2025-11-27T22:08:30.332Z
1,0x000b,25.8284396108,0x00000000,2025-11-27T22:08:30.438Z,2025-11-27T22:08:30.438Z
2,0x000b,0.402584356562,0x00000000,2025-11-27T22:08:30.024Z,2025-11-27T22:08:30.024Z
2,0x000b,0.328976132949,0x00000000,2025-11-27T22:08:30.115Z,2025-11-27T22:08:30.115Z
2,0x000b,0.410147953483,0x00000000,2025-11-27T22:08:30.225Z,2025-11-27T22:08:30.225Z
2,0x000b,0.394044178367,0x00000000,2025-11-27T22:08:30.332Z,2025-11-27T22:08:30.333Z
2,0x000b,0.333044811463,0x00000000,2025-11-27T22:08:30.438Z,2025-11-27T22:08:30.438Z
1,0x000b,25.5376784701,0x00000000,2025-11-27T22:08:30.531Z,2025-11-27T22:08:30.531Z
1,0x000b,25.3039625683,0x00000000,2025-11-27T22:08:30.623Z,2025-11-27T22:08:30.623Z
1,0x000b,25.0459127676,0x00000000,2025-11-27T22:08:30.723Z,2025-11-27T22:08:30.723Z
1,0x000b,24.7024513243,0x00000000,2025-11-27T22:08:30.834Z,2025-11-27T22:08:30.834Z
1,0x000b,24.351886104,0x00000000,2025-11-27T22:08:30.935Z,2025-11-27T22:08:30.935Z
2,0x000b,0.426806371185,0x00000000,2025-11-27T22:08:30.531Z,2025-11-27T22:08:30.531Z
2,0x000b,0.414060695254,0x00000000,2025-11-27T22:08:30.623Z,2025-11-27T22:08:30.623Z
2,0x000b,0.403700053546,0x00000000,2025-11-27T22:08:30.723Z,2025-11-27T22:08:30.723Z
2,0x000b,0.363201113891,0x00000000,2025-11-27T22:08:30.834Z,2025-11-27T22:08:30.834Z
2,0x000b,0.365169361663,0x00000000,2025-11-27T22:08:30.935Z,2025-11-27T22:08:30.935Z
1,0x000b,24.3890306724,0x00000000,2025-11-27T22:08:31.034Z,2025-11-27T22:08:31.034Z
1,0x000b,24.2025821459,0x00000000,2025-11-27T22:08:31.135Z,2025-11-27T22:08:31.135Z
1,0x000b,24.083637453,0x00000000,2025-11-27T22:08:31.250Z,2025-11-27T22:08:31.250Z
1,0x000b,24.4548576007,0x00000000,2025-11-27T22:08:31.361Z,2025-11-27T22:08:31.361Z
1,0x000b,24.6735292813,0x00000000,2025-11-27T22:08:31.471Z,2025-11-27T22:08:31.471Z
2,0x000b,0.357720261342,0x00000000,2025-11-27T22:08:31.034Z,2025-11-27T22:08:31.034Z
2,0x000b,0.400979780279,0x00000000,2025-11-27T22:08:31.137Z,2025-11-27T22:08:31.137Z
2,0x000b,0.476948742197,0x00000000,2025-11-27T22:08:31.250Z,2025-11-27T22:08:31.250Z
2,0x000b,0.491064655101,0x00000000,2025-11-27T22:08:31.361Z,2025-11-27T22:08:31.361Z
2,0x000b,0.515782569507,0x00000000,2025-11-27T22:08:31.471Z,2025-11-27T22:08:31.471Z
1,0x000b,24.8976768598,0x00000000,2025-11-27T22:08:31.585Z,2025-11-27T22:08:31.585Z
1,0x000b,24.9342767036,0x00000000,2025-11-27T22:08:31.686Z,2025-11-27T22:08:31.686Z
1,0x000b,24.3955530908,0x00000000,2025-11-27T22:08:31.783Z,2025-11-27T22:08:31.783Z
1,0x000b,24.5591196113,0x00000000,2025-11-27T22:08:31.888Z,2025-11-27T22:08:31.888Z
1,0x000b,25.0742408993,0x00000000,2025-11-27T22:08:32.001Z,2025-11-27T22:08:32.001Z
2,0x000b,0.606783647678,0x00000000,2025-11-27T22:08:31.585Z,2025-11-27T22:08:31.585Z
2,0x000b,0.625551117115,0x00000000,2025-11-27T22:08:31.688Z,2025-11-27T22:08:31.688Z
2,0x000b,0.704541820987,0x00000000,2025-11-27T22:08:31.784Z,2025-11-27T22:08:31.784Z
2,0x000b,0.728717428738,0x00000000,2025-11-27T22:08:31.888Z,2025-11-27T22:08:31.888Z
2,0x000b,0.75817951595,0x00000000,2025-11-27T22:08:32.003Z,2025-11-27T22:08:32.003Z
1,0x000b,24.67174253,0x00000000,2025-11-27T22:08:32.108Z,2025-11-27T22:08:32.108Z
1,0x000b,24.8799555154,0x00000000,2025-11-27T22:08:32.214Z,2025-11-27T22:08:32.214Z
1,0x000b,24.8583012666,0x00000000,2025-11-27T22:08:32.320Z,2025-11-27T22:08:32.320Z
1,0x000b,25.0522683009,0x00000000,2025-11-27T22:08:32.442Z,2025-11-27T22:08:32.442Z
2,0x000b,0.730917992304,0x00000000,2025-11-27T22:08:32.108Z,2025-11-27T22:08:32.108Z
2,0x000b,0.626794574659,0x00000000,2025-11-27T22:08:32.214Z,2025-11-27T22:08:32.214Z
2,0x000b,0.514174116716,0x00000000,2025-11-27T22:08:32.321Z,2025-11-27T22:08:32.321Z
2,0x000b,0.606196344939,0x00000000,2025-11-27T22:08:32.442Z,2025-11-27T22:08:32.443Z
1,0x000b,24.857278092,0x00000000,2025-11-27T22:08:32.534Z,2025-11-27T22:08:32.534Z
1,0x000b,25.2118155331,0x00000000,2025-11-27T22:08:32.626Z,2025-11-27T22:08:32.626Z
1,0x000b,25.0152614267,0x00000000,2025-11-27T22:08:32.733Z,2025-11-27T22:08:32.733Z
1,0x000b,25.0210576393,0x00000000,2025-11-27T22:08:32.824Z,2025-11-27T22:08:32.824Z
1,0x000b,25.0520706485,0x00000000,2025-11-27T22:08:32.929Z,2025-11-27T22:08:32.929Z
2,0x000b,0.547622146887,0x00000000,2025-11-27T22:08:32.534Z,2025-11-27T22:08:32.534Z
2,0x000b,0.631023351387,0x00000000,2025-11-27T22:08:32.626Z,2025-11-27T22:08:32.626Z
2,0x000b,0.567899378404,0x00000000,2025-11-27T22:08:32.733Z,2025-11-27T22:08:32.733Z
2,0x000b,0.63826430626,0x00000000,2025-11-27T22:08:32.824Z,2025-11-27T22:08:32.824Z
2,0x000b,0.591341432772,0x00000000,2025-11-27T22:08:32.930Z,2025-11-27T22:08:32.930Z
1,0x000b,24.638865916,0x00000000,2025-11-27T22:08:33.021Z,2025-11-27T22:08:33.021Z
1,0x000b,24.3113957928,0x00000000,2025-11-27T22:08:33.127Z,2025-11-27T22:08:33.127Z
1,0x000b,24.2575367904,0x00000000,2025-11-27T22:08:33.234Z,2025-11-27T22:08:33.234Z
1,0x000b,24.0208752467,0x00000000,2025-11-27T22:08:33.325Z,2025-11-27T22:08:33.325Z
1,0x000b,23.6633129734,0x00000000,2025-11-27T22:08:33.417Z,2025-11-27T22:08:33.417Z
2,0x000b,0.531031082166,0x00000000,2025-11-27T22:08:33.021Z,2025-11-27T22:08:33.021Z
2,0x000b,0.589283075724,0x00000000,2025-11-27T22:08:33.127Z,2025-11-27T22:08:33.127Z
2,0x000b,0.529922391155,0x00000000,2025-11-27T22:08:33.234Z,2025-11-27T22:08:33.234Z
2,0x000b,0.596436130381,0x00000000,2025-11-27T22:08:33.325Z,2025-11-27T22:08:33.325Z
2,0x000b,0.61563950325,0x00000000,2025-11-27T22:08:33.417Z,2025-11-27T22:08:33.417Z
1,0x000b,23.418559426,0x00000000,2025-11-27T22:08:33.524Z,2025-11-27T22:08:33.524Z
1,0x000b,23.1104202157,0x00000000,2025-11-27T22:08:33.615Z,2025-11-27T22:08:33.615Z
1,0x000b,22.7981193325,0x00000000,2025-11-27T22:08:33.721Z,2025-11-27T22:08:33.721Z
1,0x000b,23.2430498478,0x00000000,2025-11-27T22:08:33.827Z,2025-11-27T22:08:33.827Z
1,0x000b,23.5185220645,0x00000000,2025-11-27T22:08:33.934Z,2025-11-27T22:08:33.934Z
2,0x000b,0.687261339492,0x00000000,2025-11-27T22:08:33.524Z,2025-11-27T22:08:33.524Z
2,0x000b,0.58174921195,0x00000000,2025-11-27T22:08:33.615Z,2025-11-27T22:08:33.615Z
2,0x000b,0.677922401436,0x00000000,2025-11-27T22:08:33.721Z,2025-11-27T22:08:33.721Z
2,0x000b,0.615521446156,0x00000000,2025-11-27T22:08:33.827Z,2025-11-27T22:08:33.827Z
2,0x000b,0.542562825484,0x00000000,2025-11-27T22:08:33.934Z,2025-11-27T22:08:33.934Z
1,0x000b,23.7984625288,0x00000000,2025-11-27T22:08:34.034Z,2025-11-27T22:08:34.034Z
1,0x000b,23.9551245752,0x00000000,2025-11-27T22:08:34.130Z,2025-11-27T22:08:34.130Z
1,0x000b,23.5590059702,0x00000000,2025-11-27T22:08:34.234Z,2025-11-27T22:08:34.234Z
1,0x000b,24.1081474837,0x00000000,2025-11-27T22:08:34.332Z,2025-11-27T22:08:34.332Z
1,0x000b,24.3973640738,0x00000000,2025-11-27T22:08:34.430Z,2025-11-27T22:08:34.430Z
2,0x000b,0.510126858029,0x00000000,2025-11-27T22:08:34.034Z,2025-11-27T22:08:34.034Z
2,0x000b,0.417198790146,0x00000000,2025-11-27T22:08:34.130Z,2025-11-27T22:08:34.130Z
2,0x000b,0.401937872956,0x00000000,2025-11-27T22:08:34.234Z,2025-11-27T22:08:34.234Z
2,0x000b,0.462975953688,0x00000000,2025-11-27T22:08:34.332Z,2025-11-27T22:08:34.332Z
2,0x000b,0.509866906525,0x00000000,2025-11-27T22:08:34.430Z,2025-11-27T22:08:34.430Z
1,0x000b,24.5602705996,0x00000000,2025-11-27T22:08:34.526Z,2025-11-27T22:08:34.526Z
1,0x000b,24.4679552749,0x00000000,2025-11-27T22:08:34.619Z,2025-11-27T22:08:34.619Z
1,0x000b,24.3079814989,0x00000000,2025-11-27T22:08:34.727Z,2025-11-27T22:08:34.727Z
1,0x000b,24.5205453486,0x00000000,2025-11-27T22:08:34.824Z,2025-11-27T22:08:34.824Z
1,0x000b,24.5783888941,0x00000000,2025-11-27T22:08:34.917Z,2025-11-27T22:08:34.918Z
2,0x000b,0.600381933581,0x00000000,2025-11-27T22:08:34.526Z,2025-11-27T22:08:34.526Z
2,0x000b,0.651260653889,0x00000000,2025-11-27T22:08:34.619Z,2025-11-27T22:08:34.619Z
2,0x000b,0.589791142463,0x00000000,2025-11-27T22:08:34.727Z,2025-11-27T22:08:34.727Z
2,0x000b,0.596234488388,0x00000000,2025-11-27T22:08:34.824Z,2025-11-27T22:08:34.824Z
2,0x000b,0.524030087216,0x00000000,2025-11-27T22:08:34.918Z,2025-11-27T22:08:34.918Z
1,0x000b,24.2086996496,0x00000000,2025-11-27T22:08:35.025Z,2025-11-27T22:08:35.025Z
1,0x000b,23.9534076912,0x00000000,2025-11-27T22:08:35.148Z,2025-11-27T22:08:35.148Z
1,0x000b,23.8082444605,0x00000000,2025-11-27T22:08:35.255Z,2025-11-27T22:08:35.255Z
1,0x000b,23.3811190518,0x00000000,2025-11-27T22:08:35.361Z,2025-11-27T22:08:35.361Z
1,0x000b,23.133809761,0x00000000,2025-11-27T22:08:35.469Z,2025-11-27T22:08:35.469Z
2,0x000b,0.551135142202,0x00000000,2025-11-27T22:08:35.025Z,2025-11-27T22:08:35.025Z
2,0x000b,0.590365994297,0x00000000,2025-11-27T22:08:35.148Z,2025-11-27T22:08:35.148Z
2,0x000b,0.616101696445,0x00000000,2025-11-27T22:08:35.257Z,2025-11-27T22:08:35.257Z
2,0x000b,0.637652911804,0x00000000,2025-11-27T22:08:35.361Z,2025-11-27T22:08:35.361Z
2,0x000b,0.604482852224,0x00000000,2025-11-27T22:08:35.469Z,2025-11-27T22:08:35.469Z
1,0x000b,23.3754783725,0x00000000,2025-11-27T22:08:35.575Z,2025-11-27T22:08:35.575Z
1,0x000b,23.1446950044,0x00000000,2025-11-27T22:08:35.686Z,2025-11-27T22:08:35.686Z
1,0x000b,22.9176845187,0x00000000,2025-11-27T22:08:35.780Z,2025-11-27T22:08:35.780Z
1,0x000b,22.6546204704,0x00000000,2025-11-27T22:08:35.887Z,2025-11-27T22:08:35.887Z
1,0x000b,22.9930973492,0x00000000,2025-11-27T22:08:35.993Z,2025-11-27T22:08:35.993Z
2,0x000b,0.683185296666,0x00000000,2025-11-27T22:08:35.575Z,2025-11-27T22:08:35.575Z
2,0x000b,0.743980486548,0x00000000,2025-11-27T22:08:35.687Z,2025-11-27T22:08:35.687Z
2,0x000b,0.703397954514,0x00000000,2025-11-27T22:08:35.780Z,2025-11-27T22:08:35.780Z
2,0x000b,0.702374020077,0x00000000,2025-11-27T22:08:35.888Z,2025-11-27T22:08:35.888Z
2,0x000b,0.613675097274,0x00000000,2025-11-27T22:08:35.993Z,2025-11-27T22:08:35.993Z
1,0x000b,22.9497945985,0x00000000,2025-11-27T22:08:36.100Z,2025-11-27T22:08:36.100Z
1,0x000b,23.5884974983,0x00000000,2025-11-27T22:08:36.213Z,2025-11-27T22:08:36.213Z
1,0x000b,24.1110228861,0x00000000,2025-11-27T22:08:36.322Z,2025-11-27T22:08:36.322Z
1,0x000b,24.5952264912,0x00000000,2025-11-27T22:08:36.442Z,2025-11-27T22:08:36.442Z
2,0x000b,0.565967105691,0x00000000,2025-11-27T22:08:36.100Z,2025-11-27T22:08:36.100Z
2,0x000b,0.500796276416,0x00000000,2025-11-27T22:08:36.213Z,2025-11-27T22:08:36.213Z
2,0x000b,0.504994101037,0x00000000,2025-11-27T22:08:36.322Z,2025-11-27T22:08:36.322Z
2,0x000b,0.517074864236,0x00000000,2025-11-27T22:08:36.442Z,2025-11-27T22:08:36.442Z
1,0x000b,24.5603512294,0x00000000,2025-11-27T22:08:36.540Z,2025-11-27T22:08:36.540Z
1,0x000b,24.3241567535,0x00000000,2025-11-27T22:08:36.659Z,2025-11-27T22:08:36.659Z
1,0x000b,24.1899962446,0x00000000,2025-11-27T22:08:36.767Z,2025-11-27T22:08:36.767Z
1,0x000b,24.1918800852,0x00000000,2025-11-27T22:08:36.874Z,2025-11-27T22:08:36.874Z
1,0x000b,24.0217146679,0x00000000,2025-11-27T22:08:36.981Z,2025-11-27T22:08:36.981Z
2,0x000b,0.516316576118,0x00000000,2025-11-27T22:08:36.540Z,2025-11-27T22:08:36.540Z
2,0x000b,0.524325828506,0x00000000,2025-11-27T22:08:36.659Z,2025-11-27T22:08:36.659Z
2,0x000b,0.421180359448,0x00000000,2025-11-27T22:08:36.767Z,2025-11-27T22:08:36.767Z
2,0x000b,0.419261983153,0x00000000,2025-11-27T22:08:36.874Z,2025-11-27T22:08:36.874Z
2,0x000b,0.511840730062,0x00000000,2025-11-27T22:08:36.981Z,2025-11-27T22:08:36.981Z
1,0x000b,23.784013442,0x00000000,2025-11-27T22:08:37.088Z,2025-11-27T22:08:37.088Z
1,0x000b,23.7104104981,0x00000000,2025-11-27T22:08:37.195Z,2025-11-27T22:08:37.195Z
1,0x000b,23.337330056,0x00000000,2025-11-27T22:08:37.277Z,2025-11-27T22:08:37.277Z
1,0x000b,23.3496712154,0x00000000,2025-11-27T22:08:37.400Z,2025-11-27T22:08:37.400Z
1,0x000b,23.9970602598,0x00000000,2025-11-27T22:08:37.508Z,2025-11-27T22:08:37.508Z
2,0x000b,0.55182193592,0x00000000,2025-11-27T22:08:37.088Z,2025-11-27T22:08:37.088Z
2,0x000b,0.549251673232,0x00000000,2025-11-27T22:08:37.196Z,2025-11-27T22:08:37.196Z
2,0x000b,0.443689420241,0x00000000,2025-11-27T22:08:37.277Z,2025-11-27T22:08:37.277Z
2,0x000b,0.46059578374,0x00000000,2025-11-27T22:08:37.400Z,2025-11-27T22:08:37.400Z
2,0x000b,0.457626815569,0x00000000,2025-11-27T22:08:37.509Z,2025-11-27T22:08:37.509Z
1,0x000b,23.6730745828,0x00000000,2025-11-27T22:08:37.619Z,2025-11-27T22:08:37.619Z
1,0x000b,23.6484776122,0x00000000,2025-11-27T22:08:37.721Z,2025-11-27T22:08:37.721Z
1,0x000b,23.7611567866,0x00000000,2025-11-27T22:08:37.828Z,2025-11-27T22:08:37.828Z
1,0x000b,24.2790631559,0x00000000,2025-11-27T22:08:37.923Z,2025-11-27T22:08:37.923Z
2,0x000b,0.479924176068,0x00000000,2025-11-27T22:08:37.619Z,2025-11-27T22:08:37.619Z
2,0x000b,0.528750658036,0x00000000,2025-11-27T22:08:37.721Z,2025-11-27T22:08:37.721Z
2,0x000b,0.472775023778,0x00000000,2025-11-27T22:08:37.830Z,2025-11-27T22:08:37.830Z
2,0x000b,0.584511132244,0x00000000,2025-11-27T22:08:37.923Z,2025-11-27T22:08:37.923Z
1,0x000b,24.4123630634,0x00000000,2025-11-27T22:08:38.032Z,2025-11-27T22:08:38.032Z
1,0x000b,24.6815623062,0x00000000,2025-11-27T22:08:38.138Z,2025-11-27T22:08:38.138Z
1,0x000b,24.8253047891,0x00000000,2025-11-27T22:08:38.254Z,2025-11-27T22:08:38.254Z
1,0x000b,24.9745541664,0x00000000,2025-11-27T22:08:38.371Z,2025-11-27T22:08:38.371Z
1,0x000b,25.1664442549,0x00000000,2025-11-27T22:08:38.486Z,2025-11-27T22:08:38.486Z
2,0x000b,0.558514304169,0x00000000,2025-11-27T22:08:38.032Z,2025-11-27T22:08:38.032Z
2,0x000b,0.566095435051,0x00000000,2025-11-27T22:08:38.138Z,2025-11-27T22:08:38.138Z
2,0x000b,0.64612072329,0x00000000,2025-11-27T22:08:38.254Z,2025-11-27T22:08:38.254Z
2,0x000b,0.567419492861,0x00000000,2025-11-27T22:08:38.371Z,2025-11-27T22:08:38.371Z
2,0x000b,0.573405857464,0x00000000,2025-11-27T22:08:38.486Z,2025-11-27T22:08:38.486Z
1,0x000b,25.1749401559,0x00000000,2025-11-27T22:08:38.601Z,2025-11-27T22:08:38.601Z
1,0x000b,25.2844691276,0x00000000,2025-11-27T22:08:38.721Z,2025-11-27T22:08:38.721Z
1,0x000b,25.0851636099,0x00000000,2025-11-27T22:08:38.837Z,2025-11-27T22:08:38.837Z
1,0x000b,25.325301342,0x00000000,2025-11-27T22:08:38.937Z,2025-11-27T22:08:38.937Z
2,0x000b,0.488239935093,0x00000000,2025-11-27T22:08:38.601Z,2025-11-27T22:08:38.601Z
2,0x000b,0.487887737789,0x00000000,2025-11-27T22:08:38.721Z,2025-11-27T22:08:38.721Z
2,0x000b,0.571413766381,0x00000000,2025-11-27T22:08:38.837Z,2025-11-27T22:08:38.837Z
2,0x000b,0.474893043956,0x00000000,2025-11-27T22:08:38.938Z,2025-11-27T22:08:38.938Z
1,0x000b,25.2392876627,0x00000000,2025-11-27T22:08:39.034Z,2025-11-27T22:08:39.034Z
1,0x000b,24.9228300746,0x00000000,2025-11-27T22:08:39.135Z,2025-11-27T22:08:39.135Z
1,0x000b,24.5982763586,0x00000000,2025-11-27T22:08:39.255Z,2025-11-27T22:08:39.255Z
1,0x000b,24.9761175369,0x00000000,2025-11-27T22:08:39.355Z,2025-11-27T22:08:39.355Z
1,0x000b,25.5011926197,0x00000000,2025-11-27T22:08:39.470Z,2025-11-27T22:08:39.470Z
2,0x000b,0.415688896481,0x00000000,2025-11-27T22:08:39.034Z,2025-11-27T22:08:39.034Z
2,0x000b,0.410759229232,0x00000000,2025-11-27T22:08:39.135Z,2025-11-27T22:08:39.135Z
2,0x000b,0.457072592523,0x00000000,2025-11-27T22:08:39.255Z,2025-11-27T22:08:39.255Z
2,0x000b,0.408764693935,0x00000000,2025-11-27T22:08:39.355Z,2025-11-27T22:08:39.355Z
2,0x000b,0.34308301443,0x00000000,2025-11-27T22:08:39.470Z,2025-11-27T22:08:39.470Z
1,0x000b,26.0103981138,0x00000000,2025-11-27T22:08:39.586Z,2025-11-27T22:08:39.586Z
1,0x000b,26.0452685416,0x00000000,2025-11-27T22:08:39.703Z,2025-11-27T22:08:39.703Z
1,0x000b,26.2615047364,0x00000000,2025-11-27T22:08:39.813Z,2025-11-27T22:08:39.813Z
1,0x000b,26.5322185593,0x00000000,2025-11-27T22:08:39.920Z,2025-11-27T22:08:39.920Z
2,0x000b,0.435240182053,0x00000000,2025-11-27T22:08:39.586Z,2025-11-27T22:08:39.586Z
2,0x000b,0.501453934768,0x00000000,2025-11-27T22:08:39.705Z,2025-11-27T22:08:39.705Z
2,0x000b,0.479536532567,0x00000000,2025-11-27T22:08:39.813Z,2025-11-27T22:08:39.813Z
2,0x000b,0.56030532063,0x00000000,2025-11-27T22:08:39.922Z,2025-11-27T22:08:39.922Z
1,0x000b,26.1627990572,0x00000000,2025-11-27T22:08:40.020Z,2025-11-27T22:08:40.020Z
1,0x000b,25.8928433402,0x00000000,2025-11-27T22:08:40.137Z,2025-11-27T22:08:40.137Z
1,0x000b,25.5463002869,0x00000000,2025-11-27T22:08:40.252Z,2025-11-27T22:08:40.252Z
1,0x000b,25.1621407388,0x00000000,2025-11-27T22:08:40.338Z,2025-11-27T22:08:40.338Z
1,0x000b,25.4739284264,0x00000000,2025-11-27T22:08:40.440Z,2025-11-27T22:08:40.440Z
2,0x000b,0.591973479987,0x00000000,2025-11-27T22:08:40.020Z,2025-11-27T22:08:40.020Z
2,0x000b,0.554724123537,0x00000000,2025-11-27T22:08:40.137Z,2025-11-27T22:08:40.137Z
2,0x000b,0.58758327242,0x00000000,2025-11-27T22:08:40.254Z,2025-11-27T22:08:40.254Z
2,0x000b,0.554809616157,0x00000000,2025-11-27T22:08:40.338Z,2025-11-27T22:08:40.338Z
2,0x000b,0.46993079906,0x00000000,2025-11-27T22:08:40.440Z,2025-11-27T22:08:40.440Z
1,0x000b,25.6637404005,0x00000000,2025-11-27T22:08:40.540Z,2025-11-27T22:08:40.540Z
1,0x000b,25.9074618712,0x00000000,2025-11-27T22:08:40.635Z,2025-11-27T22:08:40.635Z
1,0x000b,25.8766574008,0x00000000,2025-11-27T22:08:40.755Z,2025-11-27T22:08:40.755Z
1,0x000b,25.4622040051,0x00000000,2025-11-27T22:08:40.867Z,2025-11-27T22:08:40.867Z
1,0x000b,25.7951905289,0x00000000,2025-11-27T22:08:40.971Z,2025-11-27T22:08:40.971Z
2,0x000b,0.480501529685,0x00000000,2025-11-27T22:08:40.540Z,2025-11-27T22:08:40.540Z
2,0x000b,0.370207169991,0x00000000,2025-11-27T22:08:40.635Z,2025-11-27T22:08:40.637Z
2,0x000b,0.409803142738,0x00000000,2025-11-27T22:08:40.755Z,2025-11-27T22:08:40.755Z
2,0x000b,0.426981366759,0x00000000,2025-11-27T22:08:40.868Z,2025-11-27T22:08:40.868Z
2,0x000b,0.452171516876,0x00000000,2025-11-27T22:08:40.971Z,2025-11-27T22:08:40.971Z
1,0x000b,25.8429731999,0x00000000,2025-11-27T22:08:41.085Z,2025-11-27T22:08:41.085Z
1,0x000b,25.4694706126,0x00000000,2025-11-27T22:08:41.186Z,2025-11-27T22:08:41.186Z
1,0x000b,25.0795296786,0x00000000,2025-11-27T22:08:41.288Z,2025-11-27T22:08:41.288Z
1,0x000b,25.5609796997,0x00000000,2025-11-27T22:08:41.401Z,2025-11-27T22:08:41.401Z
1,0x000b,25.659975136,0x00000000,2025-11-27T22:08:41.521Z,2025-11-27T22:08:41.521Z
2,0x000b,0.560002192442,0x00000000,2025-11-27T22:08:41.087Z,2025-11-27T22:08:41.087Z
2,0x000b,0.476785528757,0x00000000,2025-11-27T22:08:41.186Z,2025-11-27T22:08:41.186Z
2,0x000b,0.388243941009,0x00000000,2025-11-27T22:08:41.290Z,2025-11-27T22:08:41.290Z
2,0x000b,0.332697183282,0x00000000,2025-11-27T22:08:41.403Z,2025-11-27T22:08:41.403Z
2,0x000b,0.255535668256,0x00000000,2025-11-27T22:08:41.521Z,2025-11-27T22:08:41.521Z
1,0x000b,25.9351884242,0x00000000,2025-11-27T22:08:41.636Z,2025-11-27T22:08:41.636Z
1,0x000b,25.9239718281,0x00000000,2025-11-27T22:08:41.735Z,2025-11-27T22:08:41.735Z
1,0x000b,26.0747559272,0x00000000,2025-11-27T22:08:41.838Z,2025-11-27T22:08:41.838Z
1,0x000b,26.1278744919,0x00000000,2025-11-27T22:08:41.956Z,2025-11-27T22:08:41.956Z
2,0x000b,0.349477565025,0x00000000,2025-11-27T22:08:41.638Z,2025-11-27T22:08:41.638Z
2,0x000b,0.353734778836,0x00000000,2025-11-27T22:08:41.735Z,2025-11-27T22:08:41.735Z
2,0x000b,0.376241051741,0x00000000,2025-11-27T22:08:41.838Z,2025-11-27T22:08:41.838Z
2,0x000b,0.345093432241,0x00000000,2025-11-27T22:08:41.957Z,2025-11-27T22:08:41.957Z
1,0x000b,25.6839247409,0x00000000,2025-11-27T22:08:42.057Z,2025-11-27T22:08:42.057Z
1,0x000b,25.9788179408,0x00000000,2025-11-27T22:08:42.171Z,2025-11-27T22:08:42.171Z
1,0x000b,25.895648134,0x00000000,2025-11-27T22:08:42.271Z,2025-11-27T22:08:42.271Z
1,0x000b,26.4459022721,0x00000000,2025-11-27T22:08:42.385Z,2025-11-27T22:08:42.385Z
1,0x000b,26.3563977006,0x00000000,2025-11-27T22:08:42.501Z,2025-11-27T22:08:42.501Z
2,0x000b,0.451919771141,0x00000000,2025-11-27T22:08:42.057Z,2025-11-27T22:08:42.057Z
2,0x000b,0.394964272042,0x00000000,2025-11-27T22:08:42.171Z,2025-11-27T22:08:42.171Z
2,0x000b,0.356236415008,0x00000000,2025-11-27T22:08:42.271Z,2025-11-27T22:08:42.271Z
2,0x000b,0.450460732498,0x00000000,2025-11-27T22:08:42.387Z,2025-11-27T22:08:42.387Z
2,0x000b,0.492367351446,0x00000000,2025-11-27T22:08:42.501Z,2025-11-27T22:08:42.501Z
1,0x000b,26.2719092595,0x00000000,2025-11-27T22:08:42.620Z,2025-11-27T22:08:42.620Z
1,0x000b,26.444729436,0x00000000,2025-11-27T22:08:42.716Z,2025-11-27T22:08:42.716Z
1,0x000b,26.2111187867,0x00000000,2025-11-27T22:08:42.829Z,2025-11-27T22:08:42.829Z
1,0x000b,25.6814274992,0x00000000,2025-11-27T22:08:42.921Z,2025-11-27T22:08:42.921Z
2,0x000b,0.487660106513,0x00000000,2025-11-27T22:08:42.620Z,2025-11-27T22:08:42.620Z
2,0x000b,0.465801539267,0x00000000,2025-11-27T22:08:42.716Z,2025-11-27T22:08:42.716Z
2,0x000b,0.52003247156,0x00000000,2025-11-27T22:08:42.829Z,2025-11-27T22:08:42.830Z
2,0x000b,0.442869193385,0x00000000,2025-11-27T22:08:42.922Z,2025-11-27T22:08:42.922Z
